ds,trend,yhat_lower,yhat_upper,trend_lower,trend_upper,FeedPrice,FeedPrice_lower,FeedPrice_upper,LayinghenPrice,LayinghenPrice_lower,LayinghenPrice_upper,Stock,Stock_lower,Stock_upper,additive_terms,additive_terms_lower,additive_terms_upper,extra_regressors_additive,extra_regressors_additive_lower,extra_regressors_additive_upper,yearly,yearly_lower,yearly_upper,multiplicative_terms,multiplicative_terms_lower,multiplicative_terms_upper,yhat
2022-01-03,3.002896,2.8977918333056585,3.138517589695518,3.002896,3.002896,0.0,0.0,0.0,0.0,0.0,0.0,0.0,0.0,0.0,0.01963892630398517,0.01963892630398517,0.01963892630398517,0.0,0.0,0.0,0.01963892630398517,0.01963892630398517,0.01963892630398517,0.0,0.0,0.0,3.022534926303985
2022-01-10,3.0138430837988825,2.827780712210155,3.080071013634301,3.0138430837988825,3.0138430837988825,0.0,0.0,0.0,0.0,0.0,0.0,0.0,0.0,0.0,-0.0655808090709808,-0.0655808090709808,-0.0655808090709808,0.0,0.0,0.0,-0.0655808090709808,-0.0655808090709808,-0.0655808090709808,0.0,0.0,0.0,2.948262274727902
2022-01-17,3.0247901675977653,2.7650175936064247,3.004365358342698,3.0247901675977653,3.0247901675977653,0.0,0.0,0.0,0.0,0.0,0.0,0.0,0.0,0.0,-0.13563147418982577,-0.13563147418982577,-0.13563147418982577,0.0,0.0,0.0,-0.13563147418982577,-0.13563147418982577,-0.13563147418982577,0.0,0.0,0.0,2.8891586934079396
2022-01-24,3.0357372513966476,2.7404260132385243,2.989912324843237,3.0357372513966476,3.0357372513966476,0.0,0.0,0.0,0.0,0.0,0.0,0.0,0.0,0.0,-0.168060668478575,-0.168060668478575,-0.168060668478575,0.0,0.0,0.0,-0.168060668478575,-0.168060668478575,-0.168060668478575,0.0,0.0,0.0,2.867676582918073
2022-01-31,3.0466843351955304,2.7489345866315587,2.9992989964000336,3.0466843351955304,3.0466843351955304,0.0,0.0,0.0,0.0,0.0,0.0,0.0,0.0,0.0,-0.1714048914313863,-0.1714048914313863,-0.1714048914313863,0.0,0.0,0.0,-0.1714048914313863,-0.1714048914313863,-0.1714048914313863,0.0,0.0,0.0,2.875279443764144
2022-02-07,3.057631418994413,2.751345917394502,3.0008751454945526,3.057631418994413,3.057631418994413,0.0,0.0,0.0,0.0,0.0,0.0,0.0,0.0,0.0,-0.1787901563925253,-0.1787901563925253,-0.1787901563925253,0.0,0.0,0.0,-0.1787901563925253,-0.1787901563925253,-0.1787901563925253,0.0,0.0,0.0,2.8788412626018878
2022-02-14,3.068578502793296,2.7270836042265403,2.988278054432905,3.068578502793296,3.068578502793296,0.0,0.0,0.0,0.0,0.0,0.0,0.0,0.0,0.0,-0.2146267503409252,-0.2146267503409252,-0.2146267503409252,0.0,0.0,0.0,-0.2146267503409252,-0.2146267503409252,-0.2146267503409252,0.0,0.0,0.0,2.8539517524523705
2022-02-21,3.0795255865008944,2.6856079829239126,2.936191203951247,3.0795255865008944,3.0795255865008944,0.0,0.0,0.0,0.0,0.0,0.0,0.0,0.0,0.0,-0.2668294135638077,-0.2668294135638077,-0.2668294135638077,0.0,0.0,0.0,-0.2668294135638077,-0.2668294135638077,-0.2668294135638077,0.0,0.0,0.0,2.8126961729370867
2022-02-28,3.090472670208493,2.667992854741292,2.9192604647649003,3.090472670208493,3.090472670208493,0.0,0.0,0.0,0.0,0.0,0.0,0.0,0.0,0.0,-0.29634071850658417,-0.29634071850658417,-0.29634071850658417,0.0,0.0,0.0,-0.29634071850658417,-0.29634071850658417,-0.29634071850658417,0.0,0.0,0.0,2.7941319517019085
2022-03-07,3.1014197539160913,2.6955232079821023,2.9406184877600414,3.1014197539160913,3.1014197539160913,0.0,0.0,0.0,0.0,0.0,0.0,0.0,0.0,0.0,-0.2777703997170732,-0.2777703997170732,-0.2777703997170732,0.0,0.0,0.0,-0.2777703997170732,-0.2777703997170732,-0.2777703997170732,0.0,0.0,0.0,2.823649354199018
2022-03-14,3.1123668376236897,2.7596039231631697,2.994137123914374,3.1123668376236897,3.1123668376236897,0.0,0.0,0.0,0.0,0.0,0.0,0.0,0.0,0.0,-0.22903355599081007,-0.22903355599081007,-0.22903355599081007,0.0,0.0,0.0,-0.22903355599081007,-0.22903355599081007,-0.22903355599081007,0.0,0.0,0.0,2.8833332816328796
2022-03-21,3.1233139213312877,2.8014556498399306,3.0517450214911976,3.1233139213312877,3.1233139213312877,0.0,0.0,0.0,0.0,0.0,0.0,0.0,0.0,0.0,-0.19637287590745994,-0.19637287590745994,-0.19637287590745994,0.0,0.0,0.0,-0.19637287590745994,-0.19637287590745994,-0.19637287590745994,0.0,0.0,0.0,2.9269410454238276
2022-03-28,3.1342610050050026,2.7962505336142414,3.0471018334321593,3.1342610050050026,3.1342610050050026,0.0,0.0,0.0,0.0,0.0,0.0,0.0,0.0,0.0,-0.2085098110362153,-0.2085098110362153,-0.2085098110362153,0.0,0.0,0.0,-0.2085098110362153,-0.2085098110362153,-0.2085098110362153,0.0,0.0,0.0,2.9257511939687872
2022-04-04,3.1452080886787175,2.766663302650704,3.0173334986109857,3.1452080886787175,3.1452080886787175,0.0,0.0,0.0,0.0,0.0,0.0,0.0,0.0,0.0,-0.24822949163171998,-0.24822949163171998,-0.24822949163171998,0.0,0.0,0.0,-0.24822949163171998,-0.24822949163171998,-0.24822949163171998,0.0,0.0,0.0,2.8969785970469975
2022-04-11,3.1561551723524324,2.7478360622996445,3.012558193292958,3.1561551723524324,3.1561551723524324,0.0,0.0,0.0,0.0,0.0,0.0,0.0,0.0,0.0,-0.27141928802274784,-0.27141928802274784,-0.27141928802274784,0.0,0.0,0.0,-0.27141928802274784,-0.27141928802274784,-0.27141928802274784,0.0,0.0,0.0,2.8847358843296846
2022-04-18,3.1671022560261473,2.7940881682000094,3.0583084304609467,3.1671022560261473,3.1671022560261473,0.0,0.0,0.0,0.0,0.0,0.0,0.0,0.0,0.0,-0.2518043606459505,-0.2518043606459505,-0.2518043606459505,0.0,0.0,0.0,-0.2518043606459505,-0.2518043606459505,-0.2518043606459505,0.0,0.0,0.0,2.915297895380197
2022-04-25,3.178049339699862,2.8487319439306296,3.0996982005602427,3.178049339699862,3.178049339699862,0.0,0.0,0.0,0.0,0.0,0.0,0.0,0.0,0.0,-0.20273398291106143,-0.20273398291106143,-0.20273398291106143,0.0,0.0,0.0,-0.20273398291106143,-0.20273398291106143,-0.20273398291106143,0.0,0.0,0.0,2.975315356788801
2022-05-02,3.188996423373577,2.9005934884288247,3.1495441318889603,3.188996423373577,3.188996423373577,0.0,0.0,0.0,0.0,0.0,0.0,0.0,0.0,0.0,-0.15550496695318122,-0.15550496695318122,-0.15550496695318122,0.0,0.0,0.0,-0.15550496695318122,-0.15550496695318122,-0.15550496695318122,0.0,0.0,0.0,3.033491456420396
2022-05-09,3.1999435068850572,2.9523846544576258,3.206015669390303,3.1999435068850572,3.1999435068850572,0.0,0.0,0.0,0.0,0.0,0.0,0.0,0.0,0.0,-0.12337616364887778,-0.12337616364887778,-0.12337616364887778,0.0,0.0,0.0,-0.12337616364887778,-0.12337616364887778,-0.12337616364887778,0.0,0.0,0.0,3.0765673432361793
2022-05-16,3.2108905903965375,3.000959150865755,3.2426323290481176,3.2108905903965375,3.2108905903965375,0.0,0.0,0.0,0.0,0.0,0.0,0.0,0.0,0.0,-0.09384160540281178,-0.09384160540281178,-0.09384160540281178,0.0,0.0,0.0,-0.09384160540281178,-0.09384160540281178,-0.09384160540281178,0.0,0.0,0.0,3.1170489849937257
2022-05-23,3.2218376739080177,3.0439248305962523,3.2918371509638398,3.2218376739080177,3.2218376739080177,0.0,0.0,0.0,0.0,0.0,0.0,0.0,0.0,0.0,-0.0548358706850655,-0.0548358706850655,-0.0548358706850655,0.0,0.0,0.0,-0.0548358706850655,-0.0548358706850655,-0.0548358706850655,0.0,0.0,0.0,3.167001803222952
2022-05-30,3.232784757419498,3.0946665750366424,3.346824303792322,3.232784757419498,3.232784757419498,0.0,0.0,0.0,0.0,0.0,0.0,0.0,0.0,0.0,-0.018860750500922577,-0.018860750500922577,-0.018860750500922577,0.0,0.0,0.0,-0.018860750500922577,-0.018860750500922577,-0.018860750500922577,0.0,0.0,0.0,3.2139240069185755
2022-06-06,3.243731840930978,3.103024521851785,3.3495939108295163,3.243731840930978,3.243731840930978,0.0,0.0,0.0,0.0,0.0,0.0,0.0,0.0,0.0,-0.012558930315755515,-0.012558930315755515,-0.012558930315755515,0.0,0.0,0.0,-0.012558930315755515,-0.012558930315755515,-0.012558930315755515,0.0,0.0,0.0,3.2311729106152227
2022-06-13,3.2546789244424588,3.0829848234499244,3.334628113962145,3.2546789244424588,3.2546789244424588,0.0,0.0,0.0,0.0,0.0,0.0,0.0,0.0,0.0,-0.042835780757970204,-0.042835780757970204,-0.042835780757970204,0.0,0.0,0.0,-0.042835780757970204,-0.042835780757970204,-0.042835780757970204,0.0,0.0,0.0,3.2118431436844888
2022-06-20,3.2656260209574697,3.059102560500671,3.3058406032193455,3.2656260209574697,3.2656260209574697,0.0,0.0,0.0,0.0,0.0,0.0,0.0,0.0,0.0,-0.08097902081279108,-0.08097902081279108,-0.08097902081279108,0.0,0.0,0.0,-0.08097902081279108,-0.08097902081279108,-0.08097902081279108,0.0,0.0,0.0,3.1846470001446785
2022-06-27,3.2765731174724806,3.0751088947825975,3.319440225183205,3.2765731174724806,3.2765731174724806,0.0,0.0,0.0,0.0,0.0,0.0,0.0,0.0,0.0,-0.08651249207046235,-0.08651249207046235,-0.08651249207046235,0.0,0.0,0.0,-0.08651249207046235,-0.08651249207046235,-0.08651249207046235,0.0,0.0,0.0,3.190060625402018
2022-07-04,3.2875202139874915,3.118097159816973,3.36475354271188,3.2875202139874915,3.2875202139874915,0.0,0.0,0.0,0.0,0.0,0.0,0.0,0.0,0.0,-0.046185208948416726,-0.046185208948416726,-0.046185208948416726,0.0,0.0,0.0,-0.046185208948416726,-0.046185208948416726,-0.046185208948416726,0.0,0.0,0.0,3.241335005039075
2022-07-11,3.2984673105025024,3.191206637270314,3.4307962265029093,3.2984673105025024,3.2984673105025024,0.0,0.0,0.0,0.0,0.0,0.0,0.0,0.0,0.0,0.014566758762740281,0.014566758762740281,0.014566758762740281,0.0,0.0,0.0,0.014566758762740281,0.014566758762740281,0.014566758762740281,0.0,0.0,0.0,3.313034069265243
2022-07-18,3.3094144070175133,3.246324494925524,3.491100162369529,3.3094144070175133,3.3094144070175133,0.0,0.0,0.0,0.0,0.0,0.0,0.0,0.0,0.0,0.05936464909930324,0.05936464909930324,0.05936464909930324,0.0,0.0,0.0,0.05936464909930324,0.05936464909930324,0.05936464909930324,0.0,0.0,0.0,3.3687790561168165
2022-07-25,3.3238614364934183,3.276846817080071,3.5269435819943253,3.3238614364934183,3.3238614364934183,0.0,0.0,0.0,0.0,0.0,0.0,0.0,0.0,0.0,0.07632538789640972,0.07632538789640972,0.07632538789640972,0.0,0.0,0.0,0.07632538789640972,0.07632538789640972,0.07632538789640972,0.0,0.0,0.0,3.400186824389828
2022-08-01,3.338308465969323,3.299067484618743,3.5425195527730793,3.338308465969323,3.338308465969323,0.0,0.0,0.0,0.0,0.0,0.0,0.0,0.0,0.0,0.08375293802571465,0.08375293802571465,0.08375293802571465,0.0,0.0,0.0,0.08375293802571465,0.08375293802571465,0.08375293802571465,0.0,0.0,0.0,3.4220614039950377
2022-08-08,3.352755495445228,3.338252245583997,3.586038745817116,3.352755495445228,3.352755495445228,0.0,0.0,0.0,0.0,0.0,0.0,0.0,0.0,0.0,0.1042800150814134,0.1042800150814134,0.1042800150814134,0.0,0.0,0.0,0.1042800150814134,0.1042800150814134,0.1042800150814134,0.0,0.0,0.0,3.4570355105266417
2022-08-15,3.3672025249211326,3.3828683385307623,3.6260030033496675,3.3672025249211326,3.3672025249211326,0.0,0.0,0.0,0.0,0.0,0.0,0.0,0.0,0.0,0.1397330282889774,0.1397330282889774,0.1397330282889774,0.0,0.0,0.0,0.1397330282889774,0.1397330282889774,0.1397330282889774,0.0,0.0,0.0,3.50693555321011
2022-08-22,3.3816495543970375,3.428992626369188,3.6834812245039883,3.3816495543970375,3.3816495543970375,0.0,0.0,0.0,0.0,0.0,0.0,0.0,0.0,0.0,0.17368394455356853,0.17368394455356853,0.17368394455356853,0.0,0.0,0.0,0.17368394455356853,0.17368394455356853,0.17368394455356853,0.0,0.0,0.0,3.5553334989506062
2022-08-29,3.396096583872942,3.462335382864606,3.713912720406291,3.396096583872942,3.396096583872942,0.0,0.0,0.0,0.0,0.0,0.0,0.0,0.0,0.0,0.19417603066642108,0.19417603066642108,0.19417603066642108,0.0,0.0,0.0,0.19417603066642108,0.19417603066642108,0.19417603066642108,0.0,0.0,0.0,3.590272614539363
2022-09-05,3.4133680155834836,3.4989827113969905,3.7470083107289227,3.4133680155834836,3.4133680155834836,0.0,0.0,0.0,0.0,0.0,0.0,0.0,0.0,0.0,0.20757019377254607,0.20757019377254607,0.20757019377254607,0.0,0.0,0.0,0.20757019377254607,0.20757019377254607,0.20757019377254607,0.0,0.0,0.0,3.6209382093560296
2022-09-12,3.430639447294025,3.5328969863851367,3.7798829246675334,3.430639447294025,3.430639447294025,0.0,0.0,0.0,0.0,0.0,0.0,0.0,0.0,0.0,0.22852741071122365,0.22852741071122365,0.22852741071122365,0.0,0.0,0.0,0.22852741071122365,0.22852741071122365,0.22852741071122365,0.0,0.0,0.0,3.659166858005249
2022-09-19,3.447910879004567,3.5758483552319014,3.8345451591161144,3.447910879004567,3.447910879004567,0.0,0.0,0.0,0.0,0.0,0.0,0.0,0.0,0.0,0.26035262583396024,0.26035262583396024,0.26035262583396024,0.0,0.0,0.0,0.26035262583396024,0.26035262583396024,0.26035262583396024,0.0,0.0,0.0,3.7082635048385275
2022-09-26,3.4651823107151087,3.624120583935271,3.881286228812849,3.4651823107151087,3.4651823107151087,0.0,0.0,0.0,0.0,0.0,0.0,0.0,0.0,0.0,0.2892260654879244,0.2892260654879244,0.2892260654879244,0.0,0.0,0.0,0.2892260654879244,0.2892260654879244,0.2892260654879244,0.0,0.0,0.0,3.754408376203033
2022-10-03,3.4824537424256503,3.656769342037865,3.9070517898029578,3.4824537424256503,3.4824537424256503,0.0,0.0,0.0,0.0,0.0,0.0,0.0,0.0,0.0,0.29750512464191275,0.29750512464191275,0.29750512464191275,0.0,0.0,0.0,0.29750512464191275,0.29750512464191275,0.29750512464191275,0.0,0.0,0.0,3.7799588670675632
2022-10-10,3.4997251741361923,3.6652570497014274,3.9038173187821403,3.4997251741361923,3.4997251741361923,0.0,0.0,0.0,0.0,0.0,0.0,0.0,0.0,0.0,0.27990528986983937,0.27990528986983937,0.27990528986983937,0.0,0.0,0.0,0.27990528986983937,0.27990528986983937,0.27990528986983937,0.0,0.0,0.0,3.779630464006032
2022-10-17,3.517009017109304,3.630345886357342,3.8819752953834796,3.517009017109304,3.517009017109304,0.0,0.0,0.0,0.0,0.0,0.0,0.0,0.0,0.0,0.2460571148435212,0.2460571148435212,0.2460571148435212,0.0,0.0,0.0,0.2460571148435212,0.2460571148435212,0.2460571148435212,0.0,0.0,0.0,3.7630661319528254
2022-10-24,3.5342928600824153,3.6238965621871486,3.8725966851464393,3.5342928600824153,3.5342928600824153,0.0,0.0,0.0,0.0,0.0,0.0,0.0,0.0,0.0,0.2100624206576259,0.2100624206576259,0.2100624206576259,0.0,0.0,0.0,0.2100624206576259,0.2100624206576259,0.2100624206576259,0.0,0.0,0.0,3.744355280740041
2022-10-31,3.551576703055527,3.6065096826645666,3.853654453467952,3.551576703055527,3.551576703055527,0.0,0.0,0.0,0.0,0.0,0.0,0.0,0.0,0.0,0.18010941190348764,0.18010941190348764,0.18010941190348764,0.0,0.0,0.0,0.18010941190348764,0.18010941190348764,0.18010941190348764,0.0,0.0,0.0,3.7316861149590146
2022-11-07,3.5688605460286382,3.601570394623377,3.844799358853958,3.5688605460286382,3.5688605460286382,0.0,0.0,0.0,0.0,0.0,0.0,0.0,0.0,0.0,0.15704344644804955,0.15704344644804955,0.15704344644804955,0.0,0.0,0.0,0.15704344644804955,0.15704344644804955,0.15704344644804955,0.0,0.0,0.0,3.7259039924766877
2022-11-14,3.58614438900175,3.6015284519878,3.84178215653642,3.58614438900175,3.58614438900175,0.0,0.0,0.0,0.0,0.0,0.0,0.0,0.0,0.0,0.1392791668300741,0.1392791668300741,0.1392791668300741,0.0,0.0,0.0,0.1392791668300741,0.1392791668300741,0.1392791668300741,0.0,0.0,0.0,3.725423555831824
2022-11-21,3.6034282328329486,3.60604535798348,3.842575364213026,3.6034282328329486,3.6034282328329486,0.0,0.0,0.0,0.0,0.0,0.0,0.0,0.0,0.0,0.12688191721122752,0.12688191721122752,0.12688191721122752,0.0,0.0,0.0,0.12688191721122752,0.12688191721122752,0.12688191721122752,0.0,0.0,0.0,3.730310150044176
2022-11-28,3.620712076664147,3.6165951200189674,3.8674775824609036,3.620712076664147,3.620712076664147,0.0,0.0,0.0,0.0,0.0,0.0,0.0,0.0,0.0,0.12163758044943876,0.12163758044943876,0.12163758044943876,0.0,0.0,0.0,0.12163758044943876,0.12163758044943876,0.12163758044943876,0.0,0.0,0.0,3.742349657113586
2022-12-05,3.637995920495346,3.639983242540092,3.891434401971979,3.637995920495346,3.637995920495346,0.0,0.0,0.0,0.0,0.0,0.0,0.0,0.0,0.0,0.1241731698045439,0.1241731698045439,0.1241731698045439,0.0,0.0,0.0,0.1241731698045439,0.1241731698045439,0.1241731698045439,0.0,0.0,0.0,3.76216909029989
2022-12-12,3.6552797643265444,3.6647133620485657,3.9065652120530463,3.6552797643265444,3.6552797643265444,0.0,0.0,0.0,0.0,0.0,0.0,0.0,0.0,0.0,0.1298743263433089,0.1298743263433089,0.1298743263433089,0.0,0.0,0.0,0.1298743263433089,0.1298743263433089,0.1298743263433089,0.0,0.0,0.0,3.7851540906698533
2022-12-19,3.672563608157743,3.6706054574198452,3.9206722247950934,3.672563608157743,3.672563608157743,0.0,0.0,0.0,0.0,0.0,0.0,0.0,0.0,0.0,0.12629887872727547,0.12629887872727547,0.12629887872727547,0.0,0.0,0.0,0.12629887872727547,0.12629887872727547,0.12629887872727547,0.0,0.0,0.0,3.7988624868850187
2022-12-26,3.6898474519889417,3.6628241495813865,3.9136237843489305,3.6898474519889417,3.6898474519889417,0.0,0.0,0.0,0.0,0.0,0.0,0.0,0.0,0.0,0.09700889950223152,0.09700889950223152,0.09700889950223152,0.0,0.0,0.0,0.09700889950223152,0.09700889950223152,0.09700889950223152,0.0,0.0,0.0,3.7868563514911733
2023-01-02,3.7071312959500156,3.6170873201871774,3.8592287526335056,3.7071312959500156,3.7071312959500156,0.0,0.0,0.0,0.0,0.0,0.0,0.0,0.0,0.0,0.03387803599330653,0.03387803599330653,0.03387803599330653,0.0,0.0,0.0,0.03387803599330653,0.03387803599330653,0.03387803599330653,0.0,0.0,0.0,3.741009331943322
2023-01-09,3.7244151399110894,3.5562789429150787,3.8040906096816114,3.7244151399110894,3.7244151399110894,0.0,0.0,0.0,0.0,0.0,0.0,0.0,0.0,0.0,-0.0505117900687969,-0.0505117900687969,-0.0505117900687969,0.0,0.0,0.0,-0.0505117900687969,-0.0505117900687969,-0.0505117900687969,0.0,0.0,0.0,3.6739033498422926
2023-01-16,3.741698983872163,3.4967034268137493,3.7415209805925524,3.741698983872163,3.741698983872163,0.0,0.0,0.0,0.0,0.0,0.0,0.0,0.0,0.0,-0.12557083667115757,-0.12557083667115757,-0.12557083667115757,0.0,0.0,0.0,-0.12557083667115757,-0.12557083667115757,-0.12557083667115757,0.0,0.0,0.0,3.6161281472010054
2023-01-23,3.7589828278332367,3.457753557852973,3.715842805952986,3.7589828278332367,3.7589828278332367,0.0,0.0,0.0,0.0,0.0,0.0,0.0,0.0,0.0,-0.16510398904936163,-0.16510398904936163,-0.16510398904936163,0.0,0.0,0.0,-0.16510398904936163,-0.16510398904936163,-0.16510398904936163,0.0,0.0,0.0,3.593878838783875
2023-01-30,3.7762666717943105,3.475855970870108,3.720555573208438,3.7762666717943105,3.7762666717943105,0.0,0.0,0.0,0.0,0.0,0.0,0.0,0.0,0.0,-0.1715787202094721,-0.1715787202094721,-0.1715787202094721,0.0,0.0,0.0,-0.1715787202094721,-0.1715787202094721,-0.1715787202094721,0.0,0.0,0.0,3.6046879515848382
2023-02-06,3.793550515755384,3.48551262480972,3.7396709761113573,3.793550515755384,3.793550515755384,0.0,0.0,0.0,0.0,0.0,0.0,0.0,0.0,0.0,-0.17569150289278604,-0.17569150289278604,-0.17569150289278604,0.0,0.0,0.0,-0.17569150289278604,-0.17569150289278604,-0.17569150289278604,0.0,0.0,0.0,3.617859012862598
2023-02-13,3.810834358479781,3.481161720732687,3.7250636732969764,3.810834358479781,3.810834358479781,0.0,0.0,0.0,0.0,0.0,0.0,0.0,0.0,0.0,-0.2061505619105462,-0.2061505619105462,-0.2061505619105462,0.0,0.0,0.0,-0.2061505619105462,-0.2061505619105462,-0.2061505619105462,0.0,0.0,0.0,3.6046837965692347
2023-02-20,3.8281182012041772,3.4503512908046083,3.690139584122371,3.8281182012041772,3.8281182012041772,0.0,0.0,0.0,0.0,0.0,0.0,0.0,0.0,0.0,-0.25796123764885254,-0.25796123764885254,-0.25796123764885254,0.0,0.0,0.0,-0.25796123764885254,-0.25796123764885254,-0.25796123764885254,0.0,0.0,0.0,3.5701569635553247
2023-02-27,3.8454020439285737,3.433594694856722,3.678865646698817,3.8454020439285737,3.8454020439285737,0.0,0.0,0.0,0.0,0.0,0.0,0.0,0.0,0.0,-0.29436555466768016,-0.29436555466768016,-0.29436555466768016,0.0,0.0,0.0,-0.29436555466768016,-0.29436555466768016,-0.29436555466768016,0.0,0.0,0.0,3.5510364892608934
2023-03-06,3.8626858866529705,3.449480401007342,3.7063746007419693,3.8626858866529705,3.8626858866529705,0.0,0.0,0.0,0.0,0.0,0.0,0.0,0.0,0.0,-0.28440394690005516,-0.28440394690005516,-0.28440394690005516,0.0,0.0,0.0,-0.28440394690005516,-0.28440394690005516,-0.28440394690005516,0.0,0.0,0.0,3.5782819397529155
2023-03-13,3.8799697293773674,3.5244667956970646,3.765819646944859,3.8799697293773674,3.8799697293773674,0.0,0.0,0.0,0.0,0.0,0.0,0.0,0.0,0.0,-0.2379395087509075,-0.2379395087509075,-0.2379395087509075,0.0,0.0,0.0,-0.2379395087509075,-0.2379395087509075,-0.2379395087509075,0.0,0.0,0.0,3.64203022062646
2023-03-20,3.8972535717127608,3.5751477104886686,3.8277833870926745,3.8972535717127608,3.8972535717127608,0.0,0.0,0.0,0.0,0.0,0.0,0.0,0.0,0.0,-0.19918780411993947,-0.19918780411993947,-0.19918780411993947,0.0,0.0,0.0,-0.19918780411993947,-0.19918780411993947,-0.19918780411993947,0.0,0.0,0.0,3.6980657675928215
2023-03-27,3.914537414048154,3.5878349818329007,3.8238090798108315,3.914537414048154,3.914537414048154,0.0,0.0,0.0,0.0,0.0,0.0,0.0,0.0,0.0,-0.2032359776809412,-0.2032359776809412,-0.2032359776809412,0.0,0.0,0.0,-0.2032359776809412,-0.2032359776809412,-0.2032359776809412,0.0,0.0,0.0,3.7113014363672128
2023-04-03,3.9318212563835475,3.5731690075755127,3.8196960256504293,3.9318212563835475,3.9318212563835475,0.0,0.0,0.0,0.0,0.0,0.0,0.0,0.0,0.0,-0.24106073303669706,-0.24106073303669706,-0.24106073303669706,0.0,0.0,0.0,-0.24106073303669706,-0.24106073303669706,-0.24106073303669706,0.0,0.0,0.0,3.6907605233468503
2023-04-10,3.9491050987189404,3.55047579453521,3.808207885993658,3.9491050987189404,3.9491050987189404,0.0,0.0,0.0,0.0,0.0,0.0,0.0,0.0,0.0,-0.2701791186784892,-0.2701791186784892,-0.2701791186784892,0.0,0.0,0.0,-0.2701791186784892,-0.2701791186784892,-0.2701791186784892,0.0,0.0,0.0,3.678925980040451
2023-04-17,3.966388941054334,3.5872690889408423,3.831543714665794,3.966388941054334,3.966388941054334,0.0,0.0,0.0,0.0,0.0,0.0,0.0,0.0,0.0,-0.25830925394936494,-0.25830925394936494,-0.25830925394936494,0.0,0.0,0.0,-0.25830925394936494,-0.25830925394936494,-0.25830925394936494,0.0,0.0,0.0,3.708079687104969
2023-04-24,3.983672783389727,3.650652089053065,3.889789060348852,3.983672783389727,3.983672783389727,0.0,0.0,0.0,0.0,0.0,0.0,0.0,0.0,0.0,-0.21219724735703246,-0.21219724735703246,-0.21219724735703246,0.0,0.0,0.0,-0.21219724735703246,-0.21219724735703246,-0.21219724735703246,0.0,0.0,0.0,3.771475536032695
2023-05-01,3.9931078436022154,3.7149489898487107,3.9588979133830686,3.9931078436022154,3.9931078436022154,0.0,0.0,0.0,0.0,0.0,0.0,0.0,0.0,0.0,-0.16280347298206202,-0.16280347298206202,-0.16280347298206202,0.0,0.0,0.0,-0.16280347298206202,-0.16280347298206202,-0.16280347298206202,0.0,0.0,0.0,3.830304370620153
2023-05-08,4.002542903814704,3.7476554435909537,4.001710998082948,4.002542903814704,4.002542903814704,0.0,0.0,0.0,0.0,0.0,0.0,0.0,0.0,0.0,-0.12836654429952518,-0.12836654429952518,-0.12836654429952518,0.0,0.0,0.0,-0.12836654429952518,-0.12836654429952518,-0.12836654429952518,0.0,0.0,0.0,3.874176359515179
2023-05-15,4.011977964027192,3.788743672487062,4.037588068147107,4.011977964027192,4.011977964027192,0.0,0.0,0.0,0.0,0.0,0.0,0.0,0.0,0.0,-0.09972038805371336,-0.09972038805371336,-0.09972038805371336,0.0,0.0,0.0,-0.09972038805371336,-0.09972038805371336,-0.09972038805371336,0.0,0.0,0.0,3.912257575973479
2023-05-22,4.02141302423968,3.8386332561426073,4.090855812033537,4.02141302423968,4.02141302423968,0.0,0.0,0.0,0.0,0.0,0.0,0.0,0.0,0.0,-0.06229016417790196,-0.06229016417790196,-0.06229016417790196,0.0,0.0,0.0,-0.06229016417790196,-0.06229016417790196,-0.06229016417790196,0.0,0.0,0.0,3.9591228600617785
2023-05-29,4.030848084452169,3.8848410339028097,4.127115690483077,4.030848084452169,4.030848084452169,0.0,0.0,0.0,0.0,0.0,0.0,0.0,0.0,0.0,-0.023816092776381546,-0.023816092776381546,-0.023816092776381546,0.0,0.0,0.0,-0.023816092776381546,-0.023816092776381546,-0.023816092776381546,0.0,0.0,0.0,4.007031991675787
2023-06-05,4.040283144664656,3.907688013891421,4.155562232572995,4.040283144664656,4.040283144664656,0.0,0.0,0.0,0.0,0.0,0.0,0.0,0.0,0.0,-0.010716624711736778,-0.010716624711736778,-0.010716624711736778,0.0,0.0,0.0,-0.010716624711736778,-0.010716624711736778,-0.010716624711736778,0.0,0.0,0.0,4.029566519952919
2023-06-12,4.040612216050329,3.8879620805531143,4.128845970557918,4.040612216050329,4.040612216050329,0.0,0.0,0.0,0.0,0.0,0.0,0.0,0.0,0.0,-0.035638777600546304,-0.035638777600546304,-0.035638777600546304,0.0,0.0,0.0,-0.035638777600546304,-0.035638777600546304,-0.035638777600546304,0.0,0.0,0.0,4.004973438449783
2023-06-19,4.040941287436001,3.8540015793044904,4.086087093282419,4.040941287436001,4.040941287436001,0.0,0.0,0.0,0.0,0.0,0.0,0.0,0.0,0.0,-0.0755559791741456,-0.0755559791741456,-0.0755559791741456,0.0,0.0,0.0,-0.0755559791741456,-0.0755559791741456,-0.0755559791741456,0.0,0.0,0.0,3.9653853082618555
2023-06-26,4.0412703588216745,3.8308025540986037,4.075645111411819,4.0412703588216745,4.0412703588216745,0.0,0.0,0.0,0.0,0.0,0.0,0.0,0.0,0.0,-0.0890689823566882,-0.0890689823566882,-0.0890689823566882,0.0,0.0,0.0,-0.0890689823566882,-0.0890689823566882,-0.0890689823566882,0.0,0.0,0.0,3.9522013764649864
2023-07-03,4.041599430207347,3.86191333203656,4.113710699103358,4.041599430207347,4.041599430207347,0.0,0.0,0.0,0.0,0.0,0.0,0.0,0.0,0.0,-0.05599674383702201,-0.05599674383702201,-0.05599674383702201,0.0,0.0,0.0,-0.05599674383702201,-0.05599674383702201,-0.05599674383702201,0.0,0.0,0.0,3.9856026863703247
2023-07-10,4.041928501593019,3.9211792699346977,4.178644861174622,4.041928501593019,4.041928501593019,0.0,0.0,0.0,0.0,0.0,0.0,0.0,0.0,0.0,0.004006552159372567,0.004006552159372567,0.004006552159372567,0.0,0.0,0.0,0.004006552159372567,0.004006552159372567,0.004006552159372567,0.0,0.0,0.0,4.045935053752392
2023-07-17,4.042257572978693,3.9754323725832883,4.221698816193971,4.042257572978693,4.042257572978693,0.0,0.0,0.0,0.0,0.0,0.0,0.0,0.0,0.0,0.0535379171437026,0.0535379171437026,0.0535379171437026,0.0,0.0,0.0,0.0535379171437026,0.0535379171437026,0.0535379171437026,0.0,0.0,0.0,4.095795490122396
2023-07-24,4.0367106220179965,3.9810543767579967,4.234475190860037,4.0367106220179965,4.0367106220179965,0.0,0.0,0.0,0.0,0.0,0.0,0.0,0.0,0.0,0.07477495434959651,0.07477495434959651,0.07477495434959651,0.0,0.0,0.0,0.07477495434959651,0.07477495434959651,0.07477495434959651,0.0,0.0,0.0,4.111485576367593
2023-07-31,4.031163671057301,3.993944470394819,4.229516429618327,4.031163671057301,4.031163671057301,0.0,0.0,0.0,0.0,0.0,0.0,0.0,0.0,0.0,0.08192994337631038,0.08192994337631038,0.08192994337631038,0.0,0.0,0.0,0.08192994337631038,0.08192994337631038,0.08192994337631038,0.0,0.0,0.0,4.113093614433611
2023-08-07,4.025616720096604,3.990734527062705,4.251625141031622,4.025616720096604,4.025616720096604,0.0,0.0,0.0,0.0,0.0,0.0,0.0,0.0,0.0,0.09923318118423273,0.09923318118423273,0.09923318118423273,0.0,0.0,0.0,0.09923318118423273,0.09923318118423273,0.09923318118423273,0.0,0.0,0.0,4.124849901280837
2023-08-14,4.020069769135908,4.033109003907949,4.273136602914766,4.020069769135908,4.020069769135908,0.0,0.0,0.0,0.0,0.0,0.0,0.0,0.0,0.0,0.1329549068162344,0.1329549068162344,0.1329549068162344,0.0,0.0,0.0,0.1329549068162344,0.1329549068162344,0.1329549068162344,0.0,0.0,0.0,4.1530246759521425
2023-08-21,4.0145228181752115,4.048602698681014,4.3049817291107395,4.0145228181752115,4.0145228181752115,0.0,0.0,0.0,0.0,0.0,0.0,0.0,0.0,0.0,0.16848901490251725,0.16848901490251725,0.16848901490251725,0.0,0.0,0.0,0.16848901490251725,0.16848901490251725,0.16848901490251725,0.0,0.0,0.0,4.183011833077729
2023-08-28,4.008975866703724,4.058963099909482,4.334139671764164,4.008975866703724,4.008975866703724,0.0,0.0,0.0,0.0,0.0,0.0,0.0,0.0,0.0,0.19144442006016904,0.19144442006016904,0.19144442006016904,0.0,0.0,0.0,0.19144442006016904,0.19144442006016904,0.19144442006016904,0.0,0.0,0.0,4.200420286763894
2023-09-04,4.003428915232238,4.087700926417286,4.334451936657813,4.003428915232238,4.003428915232238,0.0,0.0,0.0,0.0,0.0,0.0,0.0,0.0,0.0,0.20499576480233603,0.20499576480233603,0.20499576480233603,0.0,0.0,0.0,0.20499576480233603,0.20499576480233603,0.20499576480233603,0.0,0.0,0.0,4.208424680034574
2023-09-11,3.9978819637607503,4.090585438097746,4.348198732023031,3.9978819637607503,3.9978819637607503,0.0,0.0,0.0,0.0,0.0,0.0,0.0,0.0,0.0,0.2238304874881188,0.2238304874881188,0.2238304874881188,0.0,0.0,0.0,0.2238304874881188,0.2238304874881188,0.2238304874881188,0.0,0.0,0.0,4.2217124512488695
2023-09-18,3.992335012289263,4.12526340287508,4.367769338393706,3.992335012289263,3.992335012289263,0.0,0.0,0.0,0.0,0.0,0.0,0.0,0.0,0.0,0.2543267534830429,0.2543267534830429,0.2543267534830429,0.0,0.0,0.0,0.2543267534830429,0.2543267534830429,0.2543267534830429,0.0,0.0,0.0,4.246661765772306
2023-09-25,3.986788060817776,4.153624143745644,4.395038703627815,3.986788060817776,3.986788060817776,0.0,0.0,0.0,0.0,0.0,0.0,0.0,0.0,0.0,0.2851661860356072,0.2851661860356072,0.2851661860356072,0.0,0.0,0.0,0.2851661860356072,0.2851661860356072,0.2851661860356072,0.0,0.0,0.0,4.271954246853383
2023-10-02,3.9812411093462887,4.1494620134451266,4.3955784008801535,3.9812411093462887,3.9812411093462887,0.0,0.0,0.0,0.0,0.0,0.0,0.0,0.0,0.0,0.29800074260983733,0.29800074260983733,0.29800074260983733,0.0,0.0,0.0,0.29800074260983733,0.29800074260983733,0.29800074260983733,0.0,0.0,0.0,4.279241851956126
2023-10-09,3.975694157414788,4.13543319782325,4.386100098720941,3.975694157414788,3.975694157414788,0.0,0.0,0.0,0.0,0.0,0.0,0.0,0.0,0.0,0.28465339363153547,0.28465339363153547,0.28465339363153547,0.0,0.0,0.0,0.28465339363153547,0.28465339363153547,0.28465339363153547,0.0,0.0,0.0,4.260347551046324
2023-10-16,3.970147205483288,4.092298162684601,4.340588424435957,3.970147205483288,3.970147205483288,0.0,0.0,0.0,0.0,0.0,0.0,0.0,0.0,0.0,0.2526267130495028,0.2526267130495028,0.2526267130495028,0.0,0.0,0.0,0.2526267130495028,0.2526267130495028,0.2526267130495028,0.0,0.0,0.0,4.222773918532791
2023-10-23,3.964600253551787,4.068838845723839,4.305697834464919,3.964600253551787,3.964600253551787,0.0,0.0,0.0,0.0,0.0,0.0,0.0,0.0,0.0,0.21616866997018577,0.21616866997018577,0.21616866997018577,0.0,0.0,0.0,0.21616866997018577,0.21616866997018577,0.21616866997018577,0.0,0.0,0.0,4.180768923521973
2023-10-30,3.9590533016202865,4.01985339241908,4.270811981880638,3.9590533016202865,3.9590533016202865,0.0,0.0,0.0,0.0,0.0,0.0,0.0,0.0,0.0,0.18491184786512452,0.18491184786512452,0.18491184786512452,0.0,0.0,0.0,0.18491184786512452,0.18491184786512452,0.18491184786512452,0.0,0.0,0.0,4.143965149485411
2023-11-06,3.953506349688786,3.9931685490656275,4.230911153093189,3.953506349688786,3.953506349688786,0.0,0.0,0.0,0.0,0.0,0.0,0.0,0.0,0.0,0.16073663888766945,0.16073663888766945,0.16073663888766945,0.0,0.0,0.0,0.16073663888766945,0.16073663888766945,0.16073663888766945,0.0,0.0,0.0,4.114242988576455
2023-11-13,3.9479593977572858,3.970401561822698,4.2197131289800165,3.9479593977572858,3.9479593977572858,0.0,0.0,0.0,0.0,0.0,0.0,0.0,0.0,0.0,0.14209212496521914,0.14209212496521914,0.14209212496521914,0.0,0.0,0.0,0.14209212496521914,0.14209212496521914,0.14209212496521914,0.0,0.0,0.0,4.090051522722505
2023-11-20,3.9424124421852937,3.9466988585370677,4.1901221353578455,3.9424124421852937,3.9424124421852937,0.0,0.0,0.0,0.0,0.0,0.0,0.0,0.0,0.0,0.12862898059136585,0.12862898059136585,0.12862898059136585,0.0,0.0,0.0,0.12862898059136585,0.12862898059136585,0.12862898059136585,0.0,0.0,0.0,4.071041422776659
2023-11-27,3.9368654866133013,3.932466938691689,4.182608552959888,3.9368654866133013,3.9368654866133013,0.0,0.0,0.0,0.0,0.0,0.0,0.0,0.0,0.0,0.12197686491297664,0.12197686491297664,0.12197686491297664,0.0,0.0,0.0,0.12197686491297664,0.12197686491297664,0.12197686491297664,0.0,0.0,0.0,4.058842351526278
2023-12-04,3.9313185310413092,3.9420661956107357,4.185789308088357,3.9313185310413092,3.9313185310413092,0.0,0.0,0.0,0.0,0.0,0.0,0.0,0.0,0.0,0.12325688261691178,0.12325688261691178,0.12325688261691178,0.0,0.0,0.0,0.12325688261691178,0.12325688261691178,0.12325688261691178,0.0,0.0,0.0,4.054575413658221
2023-12-11,3.9257715754693168,3.931311359648238,4.178297101659497,3.9257715754693168,3.9257715754693168,0.0,0.0,0.0,0.0,0.0,0.0,0.0,0.0,0.0,0.12907888966432374,0.12907888966432374,0.12907888966432374,0.0,0.0,0.0,0.12907888966432374,0.12907888966432374,0.12907888966432374,0.0,0.0,0.0,4.05485046513364
2023-12-18,3.9202246198973247,3.934606953656378,4.170780619357091,3.9202246198973247,3.9202246198973247,0.0,0.0,0.0,0.0,0.0,0.0,0.0,0.0,0.0,0.1283705956169297,0.1283705956169297,0.1283705956169297,0.0,0.0,0.0,0.1283705956169297,0.1283705956169297,0.1283705956169297,0.0,0.0,0.0,4.048595215514254
2023-12-25,3.914677664160801,3.901470612984884,4.139807566914934,3.914677664160801,3.914677664160801,0.0,0.0,0.0,0.0,0.0,0.0,0.0,0.0,0.0,0.10471040420806274,0.10471040420806274,0.10471040420806274,0.0,0.0,0.0,0.10471040420806274,0.10471040420806274,0.10471040420806274,0.0,0.0,0.0,4.019388068368864
2024-01-01,3.9091307084242772,3.8353291096150444,4.0859112576062575,3.9091307084242772,3.9091307084242772,0.0,0.0,0.0,0.0,0.0,0.0,0.0,0.0,0.0,0.04738467536303708,0.04738467536303708,0.04738467536303708,0.0,0.0,0.0,0.04738467536303708,0.04738467536303708,0.04738467536303708,0.0,0.0,0.0,3.9565153837873144
2024-01-08,3.9035837526877533,3.7462964249758195,3.9995689780351693,3.9035837526877533,3.9035837526877533,0.0,0.0,0.0,0.0,0.0,0.0,0.0,0.0,0.0,-0.03513526395804693,-0.03513526395804693,-0.03513526395804693,0.0,0.0,0.0,-0.03513526395804693,-0.03513526395804693,-0.03513526395804693,0.0,0.0,0.0,3.8684484887297064
2024-01-15,3.8980367969512297,3.6538772280076905,3.9013661400558757,3.8980367969512297,3.8980367969512297,0.0,0.0,0.0,0.0,0.0,0.0,0.0,0.0,0.0,-0.11429383697975035,-0.11429383697975035,-0.11429383697975035,0.0,0.0,0.0,-0.11429383697975035,-0.11429383697975035,-0.11429383697975035,0.0,0.0,0.0,3.7837429599714794
2024-01-22,3.8924898412147058,3.6072246096720635,3.8494050244637443,3.8924898412147058,3.8924898412147058,0.0,0.0,0.0,0.0,0.0,0.0,0.0,0.0,0.0,-0.16100809770344163,-0.16100809770344163,-0.16100809770344163,0.0,0.0,0.0,-0.16100809770344163,-0.16100809770344163,-0.16100809770344163,0.0,0.0,0.0,3.731481743511264
2024-01-29,3.8869428854781827,3.5892644702877514,3.842719651305935,3.8869428854781827,3.8869428854781827,0.0,0.0,0.0,0.0,0.0,0.0,0.0,0.0,0.0,-0.17168127583471482,-0.17168127583471482,-0.17168127583471482,0.0,0.0,0.0,-0.17168127583471482,-0.17168127583471482,-0.17168127583471482,0.0,0.0,0.0,3.715261609643468
2024-02-05,3.8813959296917497,3.5864225988224288,3.8288992262681014,3.8813959296917497,3.8813959296917497,0.0,0.0,0.0,0.0,0.0,0.0,0.0,0.0,0.0,-0.1735333332814732,-0.1735333332814732,-0.1735333332814732,0.0,0.0,0.0,-0.1735333332814732,-0.1735333332814732,-0.1735333332814732,0.0,0.0,0.0,3.7078625964102767
2024-02-12,3.8758489739053164,3.5558409046284503,3.7977797999414022,3.8758489739053164,3.8758489739053164,0.0,0.0,0.0,0.0,0.0,0.0,0.0,0.0,0.0,-0.1984518289119928,-0.1984518289119928,-0.1984518289119928,0.0,0.0,0.0,-0.1984518289119928,-0.1984518289119928,-0.1984518289119928,0.0,0.0,0.0,3.6773971449933236
2024-02-19,3.8703020181188834,3.4911024214749324,3.7434371000934483,3.8703020181188834,3.8703020181188834,0.0,0.0,0.0,0.0,0.0,0.0,0.0,0.0,0.0,-0.24858612571397853,-0.24858612571397853,-0.24858612571397853,0.0,0.0,0.0,-0.24858612571397853,-0.24858612571397853,-0.24858612571397853,0.0,0.0,0.0,3.6217158924049047
2024-02-26,3.86475506233245,3.4479249603846296,3.697891201593791,3.86475506233245,3.86475506233245,0.0,0.0,0.0,0.0,0.0,0.0,0.0,0.0,0.0,-0.29078980753634337,-0.29078980753634337,-0.29078980753634337,0.0,0.0,0.0,-0.29078980753634337,-0.29078980753634337,-0.29078980753634337,0.0,0.0,0.0,3.5739652547961067
2024-03-04,3.859208106546017,3.4434152306333896,3.6936044906706025,3.859208106546017,3.859208106546017,0.0,0.0,0.0,0.0,0.0,0.0,0.0,0.0,0.0,-0.2897697092494043,-0.2897697092494043,-0.2897697092494043,0.0,0.0,0.0,-0.2897697092494043,-0.2897697092494043,-0.2897697092494043,0.0,0.0,0.0,3.569438397296613
2024-03-11,3.8536611507595837,3.485050950715361,3.7369801530034983,3.8536611507595837,3.8536611507595837,0.0,0.0,0.0,0.0,0.0,0.0,0.0,0.0,0.0,-0.24711832789963165,-0.24711832789963165,-0.24711832789963165,0.0,0.0,0.0,-0.24711832789963165,-0.24711832789963165,-0.24711832789963165,0.0,0.0,0.0,3.606542822859952
2024-03-18,3.8481141967951933,3.514600441413878,3.770027769894256,3.8481141967951933,3.8481141967951933,0.0,0.0,0.0,0.0,0.0,0.0,0.0,0.0,0.0,-0.20349993449469397,-0.20349993449469397,-0.20349993449469397,0.0,0.0,0.0,-0.20349993449469397,-0.20349993449469397,-0.20349993449469397,0.0,0.0,0.0,3.6446142623004993
2024-03-25,3.8425672428308024,3.516538256121517,3.774280635009395,3.8425672428308024,3.8425672428308024,0.0,0.0,0.0,0.0,0.0,0.0,0.0,0.0,0.0,-0.1991389290752699,-0.1991389290752699,-0.1991389290752699,0.0,0.0,0.0,-0.1991389290752699,-0.1991389290752699,-0.1991389290752699,0.0,0.0,0.0,3.6434283137555323
2024-04-01,3.837020288866412,3.482010172810406,3.723280988594591,3.837020288866412,3.837020288866412,0.0,0.0,0.0,0.0,0.0,0.0,0.0,0.0,0.0,-0.2335817338327163,-0.2335817338327163,-0.2335817338327163,0.0,0.0,0.0,-0.2335817338327163,-0.2335817338327163,-0.2335817338327163,0.0,0.0,0.0,3.6034385550336956
2024-04-08,3.8314733349020216,3.4463356261976443,3.6761887858706856,3.8314733349020216,3.8314733349020216,0.0,0.0,0.0,0.0,0.0,0.0,0.0,0.0,0.0,-0.26751319718546873,-0.26751319718546873,-0.26751319718546873,0.0,0.0,0.0,-0.26751319718546873,-0.26751319718546873,-0.26751319718546873,0.0,0.0,0.0,3.5639601377165526
2024-04-15,3.8259263809376307,3.4358391057267457,3.6831362621815384,3.8259263809376307,3.8259263809376307,0.0,0.0,0.0,0.0,0.0,0.0,0.0,0.0,0.0,-0.26365086054896913,-0.26365086054896913,-0.26365086054896913,0.0,0.0,0.0,-0.26365086054896913,-0.26365086054896913,-0.26365086054896913,0.0,0.0,0.0,3.5622755203886616
2024-04-22,3.8203794272070746,3.4648722669435212,3.723633906774623,3.8203794272070746,3.8203794272070746,0.0,0.0,0.0,0.0,0.0,0.0,0.0,0.0,0.0,-0.22159826635354973,-0.22159826635354973,-0.22159826635354973,0.0,0.0,0.0,-0.22159826635354973,-0.22159826635354973,-0.22159826635354973,0.0,0.0,0.0,3.598781160853525
2024-04-29,3.8148324734765184,3.5115333817801813,3.7720671465799285,3.8148324734765184,3.8148324734765184,0.0,0.0,0.0,0.0,0.0,0.0,0.0,0.0,0.0,-0.17066505943181304,-0.17066505943181304,-0.17066505943181304,0.0,0.0,0.0,-0.17066505943181304,-0.17066505943181304,-0.17066505943181304,0.0,0.0,0.0,3.6441674140447056
2024-05-06,3.8092855197459627,3.556589392060293,3.8006761600982895,3.8092855197459627,3.8092855197459627,0.0,0.0,0.0,0.0,0.0,0.0,0.0,0.0,0.0,-0.13355785724828936,-0.13355785724828936,-0.13355785724828936,0.0,0.0,0.0,-0.13355785724828936,-0.13355785724828936,-0.13355785724828936,0.0,0.0,0.0,3.6757276624976734
2024-05-13,3.8037385660154066,3.5713875800306023,3.817762969258575,3.8037385660154066,3.8037385660154066,0.0,0.0,0.0,0.0,0.0,0.0,0.0,0.0,0.0,-0.1052482157238279,-0.1052482157238279,-0.1052482157238279,0.0,0.0,0.0,-0.1052482157238279,-0.1052482157238279,-0.1052482157238279,0.0,0.0,0.0,3.698490350291579
2024-05-20,3.7981916122848505,3.6108800892430626,3.8578983142360905,3.7981916122848505,3.7981916122848505,0.0,0.0,0.0,0.0,0.0,0.0,0.0,0.0,0.0,-0.06965074973442875,-0.06965074973442875,-0.06965074973442875,0.0,0.0,0.0,-0.06965074973442875,-0.06965074973442875,-0.06965074973442875,0.0,0.0,0.0,3.728540862550422
2024-05-27,3.7926446585542943,3.639255535986043,3.8843744747133275,3.7926446585542943,3.7926446585542943,0.0,0.0,0.0,0.0,0.0,0.0,0.0,0.0,0.0,-0.029620336166946103,-0.029620336166946103,-0.029620336166946103,0.0,0.0,0.0,-0.029620336166946103,-0.029620336166946103,-0.029620336166946103,0.0,0.0,0.0,3.763024322387348
2024-06-03,3.7870977048533625,3.6586578914988275,3.909340927206846,3.7870977048533625,3.7870977048533625,0.0,0.0,0.0,0.0,0.0,0.0,0.0,0.0,0.0,-0.010195018568014358,-0.010195018568014358,-0.010195018568014358,0.0,0.0,0.0,-0.010195018568014358,-0.010195018568014358,-0.010195018568014358,0.0,0.0,0.0,3.7769026862853483
2024-06-10,3.7815507511524302,3.6326581257627195,3.8787333284343704,3.7815507511524302,3.7815507511524302,0.0,0.0,0.0,0.0,0.0,0.0,0.0,0.0,0.0,-0.028976599576157412,-0.028976599576157412,-0.028976599576157412,0.0,0.0,0.0,-0.028976599576157412,-0.028976599576157412,-0.028976599576157412,0.0,0.0,0.0,3.752574151576273
2024-06-17,3.776003797451498,3.574810520848293,3.8347847558573736,3.776003797451498,3.776003797451498,0.0,0.0,0.0,0.0,0.0,0.0,0.0,0.0,0.0,-0.06922760385114929,-0.06922760385114929,-0.06922760385114929,0.0,0.0,0.0,-0.06922760385114929,-0.06922760385114929,-0.06922760385114929,0.0,0.0,0.0,3.7067761936003487
2024-06-24,3.770456843750566,3.55300546520941,3.804134971604827,3.770456843750566,3.770456843750566,0.0,0.0,0.0,0.0,0.0,0.0,0.0,0.0,0.0,-0.09002052940707003,-0.09002052940707003,-0.09002052940707003,0.0,0.0,0.0,-0.09002052940707003,-0.09002052940707003,-0.09002052940707003,0.0,0.0,0.0,3.680436314343496
2024-07-01,3.764909890049634,3.576638849364529,3.822452826105612,3.764909890049634,3.764909890049634,0.0,0.0,0.0,0.0,0.0,0.0,0.0,0.0,0.0,-0.06489768693399378,-0.06489768693399378,-0.06489768693399378,0.0,0.0,0.0,-0.06489768693399378,-0.06489768693399378,-0.06489768693399378,0.0,0.0,0.0,3.70001220311564
2024-07-08,3.7593629363487024,3.6372919987174828,3.8745296506477858,3.7593629363487024,3.7593629363487024,0.0,0.0,0.0,0.0,0.0,0.0,0.0,0.0,0.0,-0.0069485584566583245,-0.0069485584566583245,-0.0069485584566583245,0.0,0.0,0.0,-0.0069485584566583245,-0.0069485584566583245,-0.0069485584566583245,0.0,0.0,0.0,3.7524143778920442
2024-07-15,3.75381598215428,3.671857163726723,3.932245286505773,3.75381598215428,3.75381598215428,0.0,0.0,0.0,0.0,0.0,0.0,0.0,0.0,0.0,0.04671218881734622,0.04671218881734622,0.04671218881734622,0.0,0.0,0.0,0.04671218881734622,0.04671218881734622,0.04671218881734622,0.0,0.0,0.0,3.800528170971626
2024-07-22,3.748269027959857,3.693735886945254,3.9487877946759546,3.748269027959857,3.748269027959857,0.0,0.0,0.0,0.0,0.0,0.0,0.0,0.0,0.0,0.07274756316374639,0.07274756316374639,0.07274756316374639,0.0,0.0,0.0,0.07274756316374639,0.07274756316374639,0.07274756316374639,0.0,0.0,0.0,3.8210165911236036
2024-07-29,3.7427220737654348,3.6978978744970687,3.9479167167503864,3.7427220737654348,3.7427220737654348,0.0,0.0,0.0,0.0,0.0,0.0,0.0,0.0,0.0,0.08048754017964493,0.08048754017964493,0.08048754017964493,0.0,0.0,0.0,0.08048754017964493,0.08048754017964493,0.08048754017964493,0.0,0.0,0.0,3.8232096139450795
2024-08-05,3.7371751195710123,3.7025086724767435,3.9468996558657095,3.7371751195710123,3.7371751195710123,0.0,0.0,0.0,0.0,0.0,0.0,0.0,0.0,0.0,0.09477358611278863,0.09477358611278863,0.09477358611278863,0.0,0.0,0.0,0.09477358611278863,0.09477358611278863,0.09477358611278863,0.0,0.0,0.0,3.831948705683801
2024-08-12,3.7316281653765895,3.7371898652857705,3.9794500719904318,3.7316281653765895,3.7316281653765895,0.0,0.0,0.0,0.0,0.0,0.0,0.0,0.0,0.0,0.12623212769358072,0.12623212769358072,0.12623212769358072,0.0,0.0,0.0,0.12623212769358072,0.12623212769358072,0.12623212769358072,0.0,0.0,0.0,3.8578602930701704
2024-08-19,3.7229368312938984,3.7644630168938056,4.007932170171287,3.7229368312938984,3.7229368312938984,0.0,0.0,0.0,0.0,0.0,0.0,0.0,0.0,0.0,0.1628377755379966,0.1628377755379966,0.1628377755379966,0.0,0.0,0.0,0.1628377755379966,0.1628377755379966,0.1628377755379966,0.0,0.0,0.0,3.885774606831895
2024-08-26,3.714245497211208,3.775810492115897,4.037338877784094,3.714245497211208,3.714245497211208,0.0,0.0,0.0,0.0,0.0,0.0,0.0,0.0,0.0,0.1883776691145007,0.1883776691145007,0.1883776691145007,0.0,0.0,0.0,0.1883776691145007,0.1883776691145007,0.1883776691145007,0.0,0.0,0.0,3.9026231663257085
2024-09-02,3.705554163128517,3.7804313562375795,4.025866586923272,3.705554163128517,3.705554163128517,0.0,0.0,0.0,0.0,0.0,0.0,0.0,0.0,0.0,0.2026158037032339,0.2026158037032339,0.2026158037032339,0.0,0.0,0.0,0.2026158037032339,0.2026158037032339,0.2026158037032339,0.0,0.0,0.0,3.908169966831751
2024-09-09,3.696862829045826,3.786219499336862,4.040630590286653,3.696862829045826,3.696862829045826,0.0,0.0,0.0,0.0,0.0,0.0,0.0,0.0,0.0,0.21955937191761993,0.21955937191761993,0.21955937191761993,0.0,0.0,0.0,0.21955937191761993,0.21955937191761993,0.21955937191761993,0.0,0.0,0.0,3.916422200963446
2024-09-16,3.6881714949631355,3.8176133989822323,4.052126898519872,3.6881714949631355,3.6881714949631355,0.0,0.0,0.0,0.0,0.0,0.0,0.0,0.0,0.0,0.24833239505860932,0.24833239505860932,0.24833239505860932,0.0,0.0,0.0,0.24833239505860932,0.24833239505860932,0.24833239505860932,0.0,0.0,0.0,3.936503890021745
2024-09-23,3.679480160880445,3.8285338766624406,4.086622799626031,3.679480160880445,3.679480160880445,0.0,0.0,0.0,0.0,0.0,0.0,0.0,0.0,0.0,0.2805009119442896,0.2805009119442896,0.2805009119442896,0.0,0.0,0.0,0.2805009119442896,0.2805009119442896,0.2805009119442896,0.0,0.0,0.0,3.9599810728247347
2024-09-30,3.6650395307083685,3.842229535962745,4.084691268638719,3.6650395307083685,3.6650395307083685,0.0,0.0,0.0,0.0,0.0,0.0,0.0,0.0,0.0,0.29761523618612,0.29761523618612,0.29761523618612,0.0,0.0,0.0,0.29761523618612,0.29761523618612,0.29761523618612,0.0,0.0,0.0,3.9626547668944885
2024-10-07,3.650598900536292,3.8189020873620363,4.063148897770983,3.650598900536292,3.650598900536292,0.0,0.0,0.0,0.0,0.0,0.0,0.0,0.0,0.0,0.2887878439683798,0.2887878439683798,0.2887878439683798,0.0,0.0,0.0,0.2887878439683798,0.2887878439683798,0.2887878439683798,0.0,0.0,0.0,3.939386744504672
2024-10-14,3.6361582703642163,3.77533224203355,4.026295518811489,3.6361582703642163,3.6361582703642163,0.0,0.0,0.0,0.0,0.0,0.0,0.0,0.0,0.0,0.25907049393285614,0.25907049393285614,0.25907049393285614,0.0,0.0,0.0,0.25907049393285614,0.25907049393285614,0.25907049393285614,0.0,0.0,0.0,3.8952287642970727
2024-10-21,3.62171764019214,3.7269175157644567,3.9711432691628104,3.62171764019214,3.62171764019214,0.0,0.0,0.0,0.0,0.0,0.0,0.0,0.0,0.0,0.22246364442296065,0.22246364442296065,0.22246364442296065,0.0,0.0,0.0,0.22246364442296065,0.22246364442296065,0.22246364442296065,0.0,0.0,0.0,3.8441812846151007
2024-10-28,3.607277010020064,3.6742390628985433,3.9237412884971183,3.607277010020064,3.607277010020064,0.0,0.0,0.0,0.0,0.0,0.0,0.0,0.0,0.0,0.18994876063675825,0.18994876063675825,0.18994876063675825,0.0,0.0,0.0,0.18994876063675825,0.18994876063675825,0.18994876063675825,0.0,0.0,0.0,3.7972257706568224
2024-11-04,3.5928363798479874,3.6398611184220817,3.8784325504317194,3.5928363798479874,3.5928363798479874,0.0,0.0,0.0,0.0,0.0,0.0,0.0,0.0,0.0,0.16460146332698852,0.16460146332698852,0.16460146332698852,0.0,0.0,0.0,0.16460146332698852,0.16460146332698852,0.16460146332698852,0.0,0.0,0.0,3.757437843174976
2024-11-11,3.5783957496759116,3.5987743934317935,3.849682876383014,3.5783957496759116,3.5783957496759116,0.0,0.0,0.0,0.0,0.0,0.0,0.0,0.0,0.0,0.1450640956122825,0.1450640956122825,0.1450640956122825,0.0,0.0,0.0,0.1450640956122825,0.1450640956122825,0.1450640956122825,0.0,0.0,0.0,3.723459845288194
2024-11-18,3.5639551195038353,3.5678872581884034,3.8263560882821603,3.5639551195038353,3.5639551195038353,0.0,0.0,0.0,0.0,0.0,0.0,0.0,0.0,0.0,0.1305940351659232,0.1305940351659232,0.1305940351659232,0.0,0.0,0.0,0.1305940351659232,0.1305940351659232,0.1305940351659232,0.0,0.0,0.0,3.6945491546697586
2024-11-25,3.549514489331759,3.544906091207403,3.7962706123253827,3.549514489331759,3.549514489331759,0.0,0.0,0.0,0.0,0.0,0.0,0.0,0.0,0.0,0.12258077296066354,0.12258077296066354,0.12258077296066354,0.0,0.0,0.0,0.12258077296066354,0.12258077296066354,0.12258077296066354,0.0,0.0,0.0,3.6720952622924226
2024-12-02,3.535073859159683,3.5368527033433157,3.7790154701454113,3.535073859159683,3.535073859159683,0.0,0.0,0.0,0.0,0.0,0.0,0.0,0.0,0.0,0.12250706879666301,0.12250706879666301,0.12250706879666301,0.0,0.0,0.0,0.12250706879666301,0.12250706879666301,0.12250706879666301,0.0,0.0,0.0,3.6575809279563463
2024-12-09,3.5206332289876068,3.5228227648649697,3.769072111599573,3.5206332289876068,3.5206332289876068,0.0,0.0,0.0,0.0,0.0,0.0,0.0,0.0,0.0,0.12809256609257424,0.12809256609257424,0.12809256609257424,0.0,0.0,0.0,0.12809256609257424,0.12809256609257424,0.12809256609257424,0.0,0.0,0.0,3.648725795080181
2024-12-16,3.5061925988155305,3.5090481098136554,3.7565171748567434,3.5061925988155305,3.5061925988155305,0.0,0.0,0.0,0.0,0.0,0.0,0.0,0.0,0.0,0.12969724149593398,0.12969724149593398,0.12969724149593398,0.0,0.0,0.0,0.12969724149593398,0.12969724149593398,0.12969724149593398,0.0,0.0,0.0,3.6358898403114646
2024-12-23,3.491751968643454,3.486855429876879,3.72401065745919,3.491751968643454,3.491751968643454,0.0,0.0,0.0,0.0,0.0,0.0,0.0,0.0,0.0,0.11128437821126134,0.11128437821126134,0.11128437821126134,0.0,0.0,0.0,0.11128437821126134,0.11128437821126134,0.11128437821126134,0.0,0.0,0.0,3.6030363468547155
2025-01-06,3.462870708299302,3.311176618356154,3.5616161208348407,3.462870708299302,3.462870708299302,0.0,0.0,0.0,0.0,0.0,0.0,0.0,0.0,0.0,-0.019656096702272696,-0.019656096702272696,-0.019656096702272696,0.0,0.0,0.0,-0.019656096702272696,-0.019656096702272696,-0.019656096702272696,0.0,0.0,0.0,3.4432146115970292
2025-01-13,3.4484300781272257,3.2235319403354663,3.4614447852289367,3.4484300781272257,3.4484300781272257,0.0,0.0,0.0,0.0,0.0,0.0,0.0,0.0,0.0,-0.10190864226737337,-0.10190864226737337,-0.10190864226737337,0.0,0.0,0.0,-0.10190864226737337,-0.10190864226737337,-0.10190864226737337,0.0,0.0,0.0,3.3465214358598523
2025-01-20,3.4339894479551494,3.1528501506564335,3.3915800361474115,3.4339894479551494,3.4339894479551494,0.0,0.0,0.0,0.0,0.0,0.0,0.0,0.0,0.0,-0.15567062570655626,-0.15567062570655626,-0.15567062570655626,0.0,0.0,0.0,-0.15567062570655626,-0.15567062570655626,-0.15567062570655626,0.0,0.0,0.0,3.2783188222485933
2025-01-27,3.4195488177830735,3.1275894430568116,3.370071579570799,3.4195488177830735,3.4195488177830735,0.0,0.0,0.0,0.0,0.0,0.0,0.0,0.0,0.0,-0.1714866939142061,-0.1714866939142061,-0.1714866939142061,0.0,0.0,0.0,-0.1714866939142061,-0.1714866939142061,-0.1714866939142061,0.0,0.0,0.0,3.2480621238688676
2025-02-03,3.405108187610997,3.108695187260703,3.362021965005592,3.405108187610997,3.405108187610997,0.0,0.0,0.0,0.0,0.0,0.0,0.0,0.0,0.0,-0.17219880806328952,-0.17219880806328952,-0.17219880806328952,0.0,0.0,0.0,-0.17219880806328952,-0.17219880806328952,-0.17219880806328952,0.0,0.0,0.0,3.2329093795477077
2025-02-10,3.390667557438921,3.068869489502642,3.319174865977007,3.390667557438921,3.390667557438921,0.0,0.0,0.0,0.0,0.0,0.0,0.0,0.0,0.0,-0.19166406861773497,-0.19166406861773497,-0.19166406861773497,0.0,0.0,0.0,-0.19166406861773497,-0.19166406861773497,-0.19166406861773497,0.0,0.0,0.0,3.199003488821186
2025-02-17,3.3762269272668446,3.0133548154588063,3.263663183345037,3.3762269272668446,3.3762269272668446,0.0,0.0,0.0,0.0,0.0,0.0,0.0,0.0,0.0,-0.23896638870271905,-0.23896638870271905,-0.23896638870271905,0.0,0.0,0.0,-0.23896638870271905,-0.23896638870271905,-0.23896638870271905,0.0,0.0,0.0,3.1372605385641257
2025-02-24,3.3617862970947683,2.9527772053914,3.201956870793858,3.3617862970947683,3.3617862970947683,0.0,0.0,0.0,0.0,0.0,0.0,0.0,0.0,0.0,-0.28572577270448174,-0.28572577270448174,-0.28572577270448174,0.0,0.0,0.0,-0.28572577270448174,-0.28572577270448174,-0.28572577270448174,0.0,0.0,0.0,3.0760605243902868
2025-03-03,3.3473456669226924,2.9249396356140047,3.1750884160549258,3.3473456669226924,3.3473456669226924,0.0,0.0,0.0,0.0,0.0,0.0,0.0,0.0,0.0,-0.293690094825805,-0.293690094825805,-0.293690094825805,0.0,0.0,0.0,-0.293690094825805,-0.293690094825805,-0.293690094825805,0.0,0.0,0.0,3.053655572096887
2025-03-10,3.332905036750616,2.955351194743661,3.2015967060327464,3.332905036750616,3.332905036750616,0.0,0.0,0.0,0.0,0.0,0.0,0.0,0.0,0.0,-0.25626704557084995,-0.25626704557084995,-0.25626704557084995,0.0,0.0,0.0,-0.25626704557084995,-0.25626704557084995,-0.25626704557084995,0.0,0.0,0.0,3.076637991179766
2025-03-17,3.31846440657854,2.9796531166689513,3.2317129344247113,3.31846440657854,3.31846440657854,0.0,0.0,0.0,0.0,0.0,0.0,0.0,0.0,0.0,-0.20918597913394887,-0.20918597913394887,-0.20918597913394887,0.0,0.0,0.0,-0.20918597913394887,-0.20918597913394887,-0.20918597913394887,0.0,0.0,0.0,3.109278427444591
2025-03-24,3.3040237764064635,2.9920209825477,3.2394752744590227,3.3040237764064635,3.3040237764064635,0.0,0.0,0.0,0.0,0.0,0.0,0.0,0.0,0.0,-0.19639540943192807,-0.19639540943192807,-0.19639540943192807,0.0,0.0,0.0,-0.19639540943192807,-0.19639540943192807,-0.19639540943192807,0.0,0.0,0.0,3.1076283669745353
2025-03-31,3.2895831462343876,2.942144937737669,3.1945442760928517,3.2895831462343876,3.2895831462343876,0.0,0.0,0.0,0.0,0.0,0.0,0.0,0.0,0.0,-0.22607850429360354,-0.22607850429360354,-0.22607850429360354,0.0,0.0,0.0,-0.22607850429360354,-0.22607850429360354,-0.22607850429360354,0.0,0.0,0.0,3.063504641940784
2025-04-07,3.2751425160623113,2.880283900102809,3.1328714984744126,3.2751425160623113,3.2751425160623113,0.0,0.0,0.0,0.0,0.0,0.0,0.0,0.0,0.0,-0.2635295414163372,-0.2635295414163372,-0.2635295414163372,0.0,0.0,0.0,-0.2635295414163372,-0.2635295414163372,-0.2635295414163372,0.0,0.0,0.0,3.011612974645974
2025-04-14,3.260701885890235,2.8688367213063763,3.1182076502591762,3.260701885890235,3.260701885890235,0.0,0.0,0.0,0.0,0.0,0.0,0.0,0.0,0.0,-0.2676861773649471,-0.2676861773649471,-0.2676861773649471,0.0,0.0,0.0,-0.2676861773649471,-0.2676861773649471,-0.2676861773649471,0.0,0.0,0.0,2.993015708525288
2025-04-21,3.2462612557181587,2.8946806914858927,3.1352807518271177,3.2462612557181587,3.2462612557181587,0.0,0.0,0.0,0.0,0.0,0.0,0.0,0.0,0.0,-0.2307397833795636,-0.2307397833795636,-0.2307397833795636,0.0,0.0,0.0,-0.2307397833795636,-0.2307397833795636,-0.2307397833795636,0.0,0.0,0.0,3.015521472338595
2025-04-28,3.2318206255460824,2.9315267564008285,3.180576175802841,3.2318206255460824,3.2318206255460824,0.0,0.0,0.0,0.0,0.0,0.0,0.0,0.0,0.0,-0.17905502603393783,-0.17905502603393783,-0.17905502603393783,0.0,0.0,0.0,-0.17905502603393783,-0.17905502603393783,-0.17905502603393783,0.0,0.0,0.0,3.0527655995121448
2025-05-05,3.2173799953740065,2.9619380668686923,3.199221790540716,3.2173799953740065,3.2173799953740065,0.0,0.0,0.0,0.0,0.0,0.0,0.0,0.0,0.0,-0.139063754630563,-0.139063754630563,-0.139063754630563,0.0,0.0,0.0,-0.139063754630563,-0.139063754630563,-0.139063754630563,0.0,0.0,0.0,3.0783162407434435
2025-05-12,3.2029393652019302,2.961319129563723,3.209727435412353,3.2029393652019302,3.2029393652019302,0.0,0.0,0.0,0.0,0.0,0.0,0.0,0.0,0.0,-0.11048344337425184,-0.11048344337425184,-0.11048344337425184,0.0,0.0,0.0,-0.11048344337425184,-0.11048344337425184,-0.11048344337425184,0.0,0.0,0.0,3.0924559218276784
2025-05-19,3.188498735029854,2.9889859070001776,3.2274861072118153,3.188498735029854,3.188498735029854,0.0,0.0,0.0,0.0,0.0,0.0,0.0,0.0,0.0,-0.07679882090809664,-0.07679882090809664,-0.07679882090809664,0.0,0.0,0.0,-0.07679882090809664,-0.07679882090809664,-0.07679882090809664,0.0,0.0,0.0,3.111699914121757
2025-05-26,3.1740581048577776,3.0158470841039753,3.2603462810949697,3.1740581048577776,3.1740581048577776,0.0,0.0,0.0,0.0,0.0,0.0,0.0,0.0,0.0,-0.036101770974840484,-0.036101770974840484,-0.036101770974840484,0.0,0.0,0.0,-0.036101770974840484,-0.036101770974840484,-0.036101770974840484,0.0,0.0,0.0,3.1379563338829373
2025-06-02,3.1596174746857018,3.0293224246262516,3.2648917639602884,3.1596174746857018,3.1596174746857018,0.0,0.0,0.0,0.0,0.0,0.0,0.0,0.0,0.0,-0.010995670404221856,-0.010995670404221856,-0.010995670404221856,0.0,0.0,0.0,-0.010995670404221856,-0.010995670404221856,-0.010995670404221856,0.0,0.0,0.0,3.14862180428148
2025-06-09,3.1451768445136254,2.9971084781665582,3.2499309171206887,3.1451768445136254,3.1451768445136254,0.0,0.0,0.0,0.0,0.0,0.0,0.0,0.0,0.0,-0.023073283680972945,-0.023073283680972945,-0.023073283680972945,0.0,0.0,0.0,-0.023073283680972945,-0.023073283680972945,-0.023073283680972945,0.0,0.0,0.0,3.1221035608326524
2025-06-15,3.1327991615089887,2.945951875206516,3.2060659960168056,3.1327991615089887,3.1327991615089887,0.0,0.0,0.0,0.0,0.0,0.0,0.0,0.0,0.0,-0.05633880876553062,-0.05633880876553062,-0.05633880876553062,0.0,0.0,0.0,-0.05633880876553062,-0.05633880876553062,-0.05633880876553062,0.0,0.0,0.0,3.076460352743458
2025-06-22,3.1183585313369124,2.902437812256122,3.1592260434087622,3.1180686995402542,3.1189370245448127,0.0,0.0,0.0,0.0,0.0,0.0,0.0,0.0,0.0,-0.08779044504075059,-0.08779044504075059,-0.08779044504075059,0.0,0.0,0.0,-0.08779044504075059,-0.08779044504075059,-0.08779044504075059,0.0,0.0,0.0,3.030568086296162
2025-06-29,3.1039179011648366,2.9059817963409045,3.1572130723887804,3.1028067094794203,3.1052758216670875,0.0,0.0,0.0,0.0,0.0,0.0,0.0,0.0,0.0,-0.07798189941950882,-0.07798189941950882,-0.07798189941950882,0.0,0.0,0.0,-0.07798189941950882,-0.07798189941950882,-0.07798189941950882,0.0,0.0,0.0,3.0259360017453276
2025-07-06,3.0894772709927603,2.937749910166204,3.185952666802972,3.0870775731639997,3.091996922571082,0.0,0.0,0.0,0.0,0.0,0.0,0.0,0.0,0.0,-0.026966288909549538,-0.026966288909549538,-0.026966288909549538,0.0,0.0,0.0,-0.026966288909549538,-0.026966288909549538,-0.026966288909549538,0.0,0.0,0.0,3.062510982083211
2025-07-13,3.075036640820684,2.9788756885059064,3.2287270211987815,3.071466749354728,3.0791327654822847,0.0,0.0,0.0,0.0,0.0,0.0,0.0,0.0,0.0,0.031994934504824005,0.031994934504824005,0.031994934504824005,0.0,0.0,0.0,0.031994934504824005,0.031994934504824005,0.031994934504824005,0.0,0.0,0.0,3.1070315753255078
2025-07-20,3.0605960106486076,3.00684401130893,3.2550960108661777,3.055651274741228,3.0666716633371705,0.0,0.0,0.0,0.0,0.0,0.0,0.0,0.0,0.0,0.06742486739047648,0.06742486739047648,0.06742486739047648,0.0,0.0,0.0,0.06742486739047648,0.06742486739047648,0.06742486739047648,0.0,0.0,0.0,3.1280208780390844
2025-07-27,3.046155380476532,3.0052548299890636,3.2564074815484156,3.039900041018433,3.054471606130692,0.0,0.0,0.0,0.0,0.0,0.0,0.0,0.0,0.0,0.07843572374908304,0.07843572374908304,0.07843572374908304,0.0,0.0,0.0,0.07843572374908304,0.07843572374908304,0.07843572374908304,0.0,0.0,0.0,3.124591104225615
2025-08-03,3.0317147503044555,2.9880886904603035,3.249137480416384,3.0234560491594453,3.0426495255823776,0.0,0.0,0.0,0.0,0.0,0.0,0.0,0.0,0.0,0.0883033827420234,0.0883033827420234,0.0883033827420234,0.0,0.0,0.0,0.0883033827420234,0.0883033827420234,0.0883033827420234,0.0,0.0,0.0,3.1200181330464787
2025-08-10,3.017274120132379,3.0132808438588152,3.25957329033969,3.006461044091522,3.030323982091404,0.0,0.0,0.0,0.0,0.0,0.0,0.0,0.0,0.0,0.11465081624001619,0.11465081624001619,0.11465081624001619,0.0,0.0,0.0,0.11465081624001619,0.11465081624001619,0.11465081624001619,0.0,0.0,0.0,3.1319249363723953
2025-08-17,3.002833489960303,3.0221890994237577,3.2729190360143647,2.9890224021997773,3.0186246058589763,0.0,0.0,0.0,0.0,0.0,0.0,0.0,0.0,0.0,0.15169794753784163,0.15169794753784163,0.15169794753784163,0.0,0.0,0.0,0.15169794753784163,0.15169794753784163,0.15169794753784163,0.0,0.0,0.0,3.1545314374981444
2025-08-24,2.9883928597882266,3.050710779015313,3.3048124358355393,2.972007547750679,3.006368518136476,0.0,0.0,0.0,0.0,0.0,0.0,0.0,0.0,0.0,0.18180379092792978,0.18180379092792978,0.18180379092792978,0.0,0.0,0.0,0.18180379092792978,0.18180379092792978,0.18180379092792978,0.0,0.0,0.0,3.1701966507161563
2025-08-31,2.9739522296161507,3.0374511264479755,3.291418403221663,2.9553782608288963,2.9938568306491065,0.0,0.0,0.0,0.0,0.0,0.0,0.0,0.0,0.0,0.19852187476245034,0.19852187476245034,0.19852187476245034,0.0,0.0,0.0,0.19852187476245034,0.19852187476245034,0.19852187476245034,0.0,0.0,0.0,3.172474104378601
2025-09-07,2.9595115994440744,3.038050570558626,3.2990274691315276,2.937668856898596,2.98258534474244,0.0,0.0,0.0,0.0,0.0,0.0,0.0,0.0,0.0,0.2129466561844423,0.2129466561844423,0.2129466561844423,0.0,0.0,0.0,0.2129466561844423,0.2129466561844423,0.2129466561844423,0.0,0.0,0.0,3.172458255628517
2025-09-14,2.945070969271998,3.0652582320734787,3.307930850850838,2.9197090193856865,2.9714339271033046,0.0,0.0,0.0,0.0,0.0,0.0,0.0,0.0,0.0,0.23795429789424463,0.23795429789424463,0.23795429789424463,0.0,0.0,0.0,0.23795429789424463,0.23795429789424463,0.23795429789424463,0.0,0.0,0.0,3.1830252671662427
2025-09-21,2.9306303390999218,3.071249967388074,3.330879567966368,2.902304548948968,2.960231858919859,0.0,0.0,0.0,0.0,0.0,0.0,0.0,0.0,0.0,0.27090907619036475,0.27090907619036475,0.27090907619036475,0.0,0.0,0.0,0.27090907619036475,0.27090907619036475,0.27090907619036475,0.0,0.0,0.0,3.2015394152902865
2025-09-28,2.916189708927846,3.0817634282271436,3.347611135396278,2.884873398387705,2.94913755417935,0.0,0.0,0.0,0.0,0.0,0.0,0.0,0.0,0.0,0.29473409765765096,0.29473409765765096,0.29473409765765096,0.0,0.0,0.0,0.29473409765765096,0.29473409765765096,0.29473409765765096,0.0,0.0,0.0,3.210923806585497
2025-10-05,2.9017490787557696,3.0637232561187746,3.327532070998233,2.867303101511271,2.938157302880359,0.0,0.0,0.0,0.0,0.0,0.0,0.0,0.0,0.0,0.2944431770738151,0.2944431770738151,0.2944431770738151,0.0,0.0,0.0,0.2944431770738151,0.2944431770738151,0.2944431770738151,0.0,0.0,0.0,3.1961922558295845
2025-10-12,2.8873084485836933,3.0304755880451655,3.2984743214102408,2.849812063575009,2.926303837999786,0.0,0.0,0.0,0.0,0.0,0.0,0.0,0.0,0.0,0.2700845686682941,0.2700845686682941,0.2700845686682941,0.0,0.0,0.0,0.2700845686682941,0.2700845686682941,0.2700845686682941,0.0,0.0,0.0,3.1573930172519873
2025-10-19,2.872867818411617,2.9714566814418317,3.244708218274749,2.8316430420571175,2.915274934996031,0.0,0.0,0.0,0.0,0.0,0.0,0.0,0.0,0.0,0.2341537523754477,0.2341537523754477,0.2341537523754477,0.0,0.0,0.0,0.2341537523754477,0.2341537523754477,0.2341537523754477,0.0,0.0,0.0,3.1070215707870648
2025-10-26,2.8584271882395407,2.9176307595395006,3.191466365099511,2.8133296748019574,2.904000586183903,0.0,0.0,0.0,0.0,0.0,0.0,0.0,0.0,0.0,0.1996217625931691,0.1996217625931691,0.1996217625931691,0.0,0.0,0.0,0.1996217625931691,0.1996217625931691,0.1996217625931691,0.0,0.0,0.0,3.05804895083271
2025-11-02,2.843986558067465,2.8798253385274917,3.1475513295142,2.7953343673719218,2.8931928386552004,0.0,0.0,0.0,0.0,0.0,0.0,0.0,0.0,0.0,0.17202503969698618,0.17202503969698618,0.17202503969698618,0.0,0.0,0.0,0.17202503969698618,0.17202503969698618,0.17202503969698618,0.0,0.0,0.0,3.016011597764451
2025-11-09,2.8295459278953885,2.8447142039740787,3.119759093437638,2.7772696654047544,2.8834036307866806,0.0,0.0,0.0,0.0,0.0,0.0,0.0,0.0,0.0,0.15080278518377788,0.15080278518377788,0.15080278518377788,0.0,0.0,0.0,0.15080278518377788,0.15080278518377788,0.15080278518377788,0.0,0.0,0.0,2.9803487130791666
2025-11-16,2.815105297723312,2.8101715014829853,3.084405289792133,2.7594151214182556,2.872795027268519,0.0,0.0,0.0,0.0,0.0,0.0,0.0,0.0,0.0,0.13463945984660264,0.13463945984660264,0.13463945984660264,0.0,0.0,0.0,0.13463945984660264,0.13463945984660264,0.13463945984660264,0.0,0.0,0.0,2.9497447575699147
2025-11-23,2.800664667551236,2.7865864515895127,3.0687335158258513,2.741180138265848,2.8617222232237154,0.0,0.0,0.0,0.0,0.0,0.0,0.0,0.0,0.0,0.12432629711523893,0.12432629711523893,0.12432629711523893,0.0,0.0,0.0,0.12432629711523893,0.12432629711523893,0.12432629711523893,0.0,0.0,0.0,2.924990964666475
2025-11-30,2.78622403737916,2.7668965271492176,3.0525424138431703,2.724089718747743,2.8519729491396637,0.0,0.0,0.0,0.0,0.0,0.0,0.0,0.0,0.0,0.1216814497451478,0.1216814497451478,0.1216814497451478,0.0,0.0,0.0,0.1216814497451478,0.1216814497451478,0.1216814497451478,0.0,0.0,0.0,2.907905487124308
2025-12-07,2.7717834072070837,2.750689171579695,3.0418148287715296,2.706309585094031,2.8418097268976727,0.0,0.0,0.0,0.0,0.0,0.0,0.0,0.0,0.0,0.12609862513737333,0.12609862513737333,0.12609862513737333,0.0,0.0,0.0,0.12609862513737333,0.12609862513737333,0.12609862513737333,0.0,0.0,0.0,2.897882032344457
2025-12-14,2.7573427770350074,2.7353090574130907,3.0299666756104293,2.68852945144032,2.830623515284423,0.0,0.0,0.0,0.0,0.0,0.0,0.0,0.0,0.0,0.1305306628472294,0.1305306628472294,0.1305306628472294,0.0,0.0,0.0,0.1305306628472294,0.1305306628472294,0.1305306628472294,0.0,0.0,0.0,2.8878734398822368
2025-12-21,2.742902146862931,2.721812094035088,3.021779713107405,2.6711042176763664,2.8211836318730943,0.0,0.0,0.0,0.0,0.0,0.0,0.0,0.0,0.0,0.12039185057624813,0.12039185057624813,0.12039185057624813,0.0,0.0,0.0,0.12039185057624813,0.12039185057624813,0.12039185057624813,0.0,0.0,0.0,2.8632939974391793
2025-12-28,2.728461516690855,2.659086113453726,2.9744569167186152,2.6534005357749093,2.811896278876866,0.0,0.0,0.0,0.0,0.0,0.0,0.0,0.0,0.0,0.08028612576292363,0.08028612576292363,0.08028612576292363,0.0,0.0,0.0,0.08028612576292363,0.08028612576292363,0.08028612576292363,0.0,0.0,0.0,2.8087476424537785
2026-01-04,2.714020886518779,2.5748199098755498,2.891548544367414,2.6350607841949,2.8021820931865897,0.0,0.0,0.0,0.0,0.0,0.0,0.0,0.0,0.0,0.007822650677677692,0.007822650677677692,0.007822650677677692,0.0,0.0,0.0,0.007822650677677692,0.007822650677677692,0.007822650677677692,0.0,0.0,0.0,2.7218435371964564
2026-01-11,2.6995802563467026,2.4646404336237855,2.780204433538288,2.6155787134556783,2.790893903133276,0.0,0.0,0.0,0.0,0.0,0.0,0.0,0.0,0.0,-0.07727921512533242,-0.07727921512533242,-0.07727921512533242,0.0,0.0,0.0,-0.07727921512533242,-0.07727921512533242,-0.07727921512533242,0.0,0.0,0.0,2.62230104122137
2026-01-18,2.6851396261746263,2.3803518395541,2.709933627478343,2.5965796023454004,2.781577359871252,0.0,0.0,0.0,0.0,0.0,0.0,0.0,0.0,0.0,-0.14275308489102437,-0.14275308489102437,-0.14275308489102437,0.0,0.0,0.0,-0.14275308489102437,-0.14275308489102437,-0.14275308489102437,0.0,0.0,0.0,2.542386541283602
2026-01-25,2.67069899600255,2.3331735044487805,2.657226871031578,2.578139285506145,2.7708734392868033,0.0,0.0,0.0,0.0,0.0,0.0,0.0,0.0,0.0,-0.16969688681154907,-0.16969688681154907,-0.16969688681154907,0.0,0.0,0.0,-0.16969688681154907,-0.16969688681154907,-0.16969688681154907,0.0,0.0,0.0,2.501002109191001
2026-02-01,2.656258365830474,2.3287471434204017,2.658595170409919,2.5606969562929915,2.7609592320875205,0.0,0.0,0.0,0.0,0.0,0.0,0.0,0.0,0.0,-0.17136555942443862,-0.17136555942443862,-0.17136555942443862,0.0,0.0,0.0,-0.17136555942443862,-0.17136555942443862,-0.17136555942443862,0.0,0.0,0.0,2.4848928064060356
2026-02-08,2.641817735658398,2.2958835317873496,2.6326660845569916,2.541129792149643,2.7500610476366942,0.0,0.0,0.0,0.0,0.0,0.0,0.0,0.0,0.0,-0.1819987033573791,-0.1819987033573791,-0.1819987033573791,0.0,0.0,0.0,-0.1819987033573791,-0.1819987033573791,-0.1819987033573791,0.0,0.0,0.0,2.4598190323010187
2026-02-15,2.6273771054863215,2.2342961718819425,2.5723975340346357,2.521282537350421,2.740477588261475,0.0,0.0,0.0,0.0,0.0,0.0,0.0,0.0,0.0,-0.22185232933934754,-0.22185232933934754,-0.22185232933934754,0.0,0.0,0.0,-0.22185232933934754,-0.22185232933934754,-0.22185232933934754,0.0,0.0,0.0,2.405524776146974
2026-02-22,2.612936475314245,2.173819301383691,2.513606891378847,2.502557019807271,2.7310901104225063,0.0,0.0,0.0,0.0,0.0,0.0,0.0,0.0,0.0,-0.2733864266463431,-0.2733864266463431,-0.2733864266463431,0.0,0.0,0.0,-0.2733864266463431,-0.2733864266463431,-0.2733864266463431,0.0,0.0,0.0,2.339550048667902
2026-03-01,2.598495845142169,2.1405796611867265,2.476101209523736,2.484293483492539,2.7217780901839905,0.0,0.0,0.0,0.0,0.0,0.0,0.0,0.0,0.0,-0.2967247058175742,-0.2967247058175742,-0.2967247058175742,0.0,0.0,0.0,-0.2967247058175742,-0.2967247058175742,-0.2967247058175742,0.0,0.0,0.0,2.3017711393245945
2026-03-08,2.584055214970093,2.127291753343037,2.4995456600178194,2.465052997980002,2.713072766120593,0.0,0.0,0.0,0.0,0.0,0.0,0.0,0.0,0.0,-0.2716974013214846,-0.2716974013214846,-0.2716974013214846,0.0,0.0,0.0,-0.2716974013214846,-0.2716974013214846,-0.2716974013214846,0.0,0.0,0.0,2.3123578136486085
2026-03-15,2.5696145847980167,2.1794560160721375,2.5200395942073874,2.4447819428882247,2.7033489599776517,0.0,0.0,0.0,0.0,0.0,0.0,0.0,0.0,0.0,-0.22230212031952992,-0.22230212031952992,-0.22230212031952992,0.0,0.0,0.0,-0.22230212031952992,-0.22230212031952992,-0.22230212031952992,0.0,0.0,0.0,2.347312464478487
2026-03-22,2.5551739546259404,2.1619069334338654,2.542574076700834,2.423862416095137,2.6919724315232325,0.0,0.0,0.0,0.0,0.0,0.0,0.0,0.0,0.0,-0.1952472818209647,-0.1952472818209647,-0.1952472818209647,0.0,0.0,0.0,-0.1952472818209647,-0.1952472818209647,-0.1952472818209647,0.0,0.0,0.0,2.359926672804976
2026-03-29,2.540733324453864,2.1460057575063787,2.5197555901113553,2.4036426389065983,2.683190037920367,0.0,0.0,0.0,0.0,0.0,0.0,0.0,0.0,0.0,-0.21343120148434916,-0.21343120148434916,-0.21343120148434916,0.0,0.0,0.0,-0.21343120148434916,-0.21343120148434916,-0.21343120148434916,0.0,0.0,0.0,2.327302122969515
2026-04-05,2.5262926942817887,2.0789526951095434,2.4690711273456523,2.383665746253852,2.672608615651976,0.0,0.0,0.0,0.0,0.0,0.0,0.0,0.0,0.0,-0.25355730006793936,-0.25355730006793936,-0.25355730006793936,0.0,0.0,0.0,-0.25355730006793936,-0.25355730006793936,-0.25355730006793936,0.0,0.0,0.0,2.2727353942138495
2026-04-12,2.5118520641097124,2.040225365945406,2.4379960587624456,2.366658247289855,2.6705848632025684,0.0,0.0,0.0,0.0,0.0,0.0,0.0,0.0,0.0,-0.2713433404683621,-0.2713433404683621,-0.2713433404683621,0.0,0.0,0.0,-0.2713433404683621,-0.2713433404683621,-0.2713433404683621,0.0,0.0,0.0,2.24050872364135
2026-04-19,2.4974114339376356,2.049779327953292,2.4631313745471535,2.3465111042034885,2.661004897921201,0.0,0.0,0.0,0.0,0.0,0.0,0.0,0.0,0.0,-0.24587773665480267,-0.24587773665480267,-0.24587773665480267,0.0,0.0,0.0,-0.24587773665480267,-0.24587773665480267,-0.24587773665480267,0.0,0.0,0.0,2.251533697282833
2026-04-26,2.4829708037655593,2.0809680691438537,2.5020999892252123,2.3263522989131613,2.651640697154291,0.0,0.0,0.0,0.0,0.0,0.0,0.0,0.0,0.0,-0.19523999286293525,-0.19523999286293525,-0.19523999286293525,0.0,0.0,0.0,-0.19523999286293525,-0.19523999286293525,-0.19523999286293525,0.0,0.0,0.0,2.287730810902624
2026-05-03,2.468530173593483,2.1112973700149076,2.541104956831381,2.3066130171162307,2.6429092869767747,0.0,0.0,0.0,0.0,0.0,0.0,0.0,0.0,0.0,-0.15007215918123185,-0.15007215918123185,-0.15007215918123185,0.0,0.0,0.0,-0.15007215918123185,-0.15007215918123185,-0.15007215918123185,0.0,0.0,0.0,2.318458014412251
2026-05-10,2.4540895434214076,2.113224344161431,2.5652403604822784,2.2866719646683893,2.633866270229044,0.0,0.0,0.0,0.0,0.0,0.0,0.0,0.0,0.0,-0.11944771294391124,-0.11944771294391124,-0.11944771294391124,0.0,0.0,0.0,-0.11944771294391124,-0.11944771294391124,-0.11944771294391124,0.0,0.0,0.0,2.3346418304774965
2026-05-17,2.4396489132493313,2.1354975759138535,2.5800194827621765,2.265959232245262,2.6241278972661344,0.0,0.0,0.0,0.0,0.0,0.0,0.0,0.0,0.0,-0.0888652935135299,-0.0888652935135299,-0.0888652935135299,0.0,0.0,0.0,-0.0888652935135299,-0.0888652935135299,-0.0888652935135299,0.0,0.0,0.0,2.350783619735801
2026-05-24,2.425208283077255,2.156942948535975,2.620756636709633,2.2464600009461764,2.615815100864255,0.0,0.0,0.0,0.0,0.0,0.0,0.0,0.0,0.0,-0.04890094744549359,-0.04890094744549359,-0.04890094744549359,0.0,0.0,0.0,-0.04890094744549359,-0.04890094744549359,-0.04890094744549359,0.0,0.0,0.0,2.376307335631761
2026-05-31,2.4107676529051782,2.17552612269454,2.636013698186905,2.2234044249741802,2.6088918642909267,0.0,0.0,0.0,0.0,0.0,0.0,0.0,0.0,0.0,-0.015612978387080827,-0.015612978387080827,-0.015612978387080827,0.0,0.0,0.0,-0.015612978387080827,-0.015612978387080827,-0.015612978387080827,0.0,0.0,0.0,2.3951546745180976
2026-06-07,2.396327022733103,2.152224373368111,2.626915144202467,2.202715076537661,2.600984432822512,0.0,0.0,0.0,0.0,0.0,0.0,0.0,0.0,0.0,-0.014954318384436224,-0.014954318384436224,-0.014954318384436224,0.0,0.0,0.0,-0.014954318384436224,-0.014954318384436224,-0.014954318384436224,0.0,0.0,0.0,2.3813727043486668
